Acousticness,Artist Name,Danceability,Energy,Instrumentalness,Key,Liveness,Loudness,Tempo,Track Name,Track Reference,Valence,_id
0.0597,Soso Maness,0.624,0.802,0,0.252,0.252,6,133.888,Petrouchka (feat. PLK),https://api.spotify.com/v1/tracks/03y045SZqaC94yfXl1cU4E,0.818,60f790bb4861b9cdf8200254
0.228,Naps,0.805,0.637,0,0.071,0.071,6,140.045,La kiffance,https://api.spotify.com/v1/tracks/1bwhDrXcAtqePp8mNJ0pTe,0.678,60f790bc4861b9cdf8200255
0.0693,Koba LaD,0.721,0.523,0,0.281,0.281,7,141.034,Daddy chocolat,https://api.spotify.com/v1/tracks/4IbDTrLxImTJfZePAX2nKB,0.757,60f790bd4861b9cdf8200256
0.2,Laylow,0.778,0.722,0,0.529,0.529,5,123.947,R9R-LINE (feat. Damso),https://api.spotify.com/v1/tracks/4QoZVMhE66MDCd0igG0hd6,0.759,60f790bd4861b9cdf8200257
0.127,Måneskin,0.714,0.8,0,0.359,0.359,11,134.002,"Beggin'",https://api.spotify.com/v1/tracks/3Wrjm47oTz2sjIgck11l5e,0.589,60f790bd4861b9cdf8200258
0.297,Lil Nas X,0.61,0.508,0,0.384,0.384,8,178.818,MONTERO (Call Me By Your Name),https://api.spotify.com/v1/tracks/67BtfxlNbhBmCDR2L2l8qd,0.758,60f790bd4861b9cdf8200259
0.0907,Kungs,0.836,0.846,0.047,0.057,0.057,0,122.042,Never Going Home,https://api.spotify.com/v1/tracks/0xfMlIW8lS40qvpsUw1l0X,0.942,60f790be4861b9cdf820025a
0.187,Laylow,0.674,0.52,0.00000248,0.259,0.259,10,70.572,SPECIAL (feat. Nekfeu & Fousheé),https://api.spotify.com/v1/tracks/11HLDMuPD3wh88XHw4udKO,0.407,60f790be4861b9cdf820025b
0.397,Jul,0.898,0.738,0,0.0786,0.0786,7,128.048,"Pic et pic, alcool et drame",https://api.spotify.com/v1/tracks/14M6BbiHt2w9KHVvoIUIUF,0.604,60f790be4861b9cdf820025c
0.0662,MHD,0.89,0.744,0,0.0648,0.0648,11,123.935,Afro Trap Part. 11 (King Kong),https://api.spotify.com/v1/tracks/1ZSdPeVhNy8VuSiXM3pXhv,0.636,60f790be4861b9cdf820025d
0.0474,OBOY,0.882,0.675,0.000598,0.124,0.124,3,140.092,TDB,https://api.spotify.com/v1/tracks/27Z3UdqvdAhtJlWBMoDjBD,0.758,60f790be4861b9cdf820025e
0.128,Alonzo,0.825,0.878,0.0000894,0.0963,0.0963,9,126.994,La Seleçao,https://api.spotify.com/v1/tracks/2vd2HEhrkafOi2uveHjzzh,0.847,60f790be4861b9cdf820025f
0.324,Jul,0.85,0.809,0,0.17,0.17,0,124.982,Alors la zone,https://api.spotify.com/v1/tracks/5SYovWMQq0vPKMg7kzYCVy,0.708,60f790bf4861b9cdf8200260
0.0469,Ed Sheeran,0.808,0.897,0.0000314,0.364,0.364,11,126.026,Bad Habits,https://api.spotify.com/v1/tracks/6PQ88X9TkUIAUIZJHW2upE,0.591,60f790bf4861b9cdf8200261
0.0622,Reik,0.791,0.915,0,0.244,0.244,10,121.948,A Un Paso De La Luna - Remix,https://api.spotify.com/v1/tracks/6EQR7Y5vVZFiPD0RUECIDv,0.732,60f790bf4861b9cdf8200262
0.517,Laylow,0.578,0.719,0,0.515,0.515,1,129.571,IVERSON,https://api.spotify.com/v1/tracks/5ZjEm81TYFPfE6Ddc0memq,0.728,60f790bf4861b9cdf8200263
0.129,Dadju,0.656,0.718,0,0.0726,0.0726,2,176.27,Mon soleil,https://api.spotify.com/v1/tracks/2Dv1CPIgX29t816ZLscdB2,0.665,60f790bf4861b9cdf8200264
0.0628,Laylow,0.884,0.626,0.0000171,0.155,0.155,8,130.061,STUNTMEN (feat. Alpha Wann & Wit.),https://api.spotify.com/v1/tracks/1YEs58i4G68twRzYaFEu7T,0.637,60f790c04861b9cdf8200265
0.0714,Laylow,0.618,0.42,0,0.122,0.122,8,94.681,WINDOW SHOPPER PART. 2 (feat. Hamza),https://api.spotify.com/v1/tracks/6wFP7BMVFeA6cxUUyTrIxN,0.54,60f790c04861b9cdf8200266
0.422,Gazo,0.774,0.583,0.0000155,0.145,0.145,0,148.018,HAINE&SEX,https://api.spotify.com/v1/tracks/6Vcxzw4ifKqYxVrp3ckpVF,0.323,60f790c04861b9cdf8200267
0.0939,Marwa Loud,0.976,0.578,0,0.119,0.119,2,113.03,Bimbo,https://api.spotify.com/v1/tracks/3ieLcaMIyl1Avm7JtHSk0d,0.803,60f790c04861b9cdf8200268
0.131,Justin Wellington,0.862,0.753,0.00000201,0.077,0.077,5,105.039,Iko Iko (My Bestie),https://api.spotify.com/v1/tracks/7MC4XR9M9amdmKQr2iDF7i,0.827,60f790c04861b9cdf8200269
0.335,Laylow,0.583,0.505,0,0.101,0.101,5,83.175,VOIR LE MONDE BRÛLER,https://api.spotify.com/v1/tracks/4r0U3YkeJvKNsCRSdCs9lx,0.463,60f790c14861b9cdf820026a
0.00883,Dua Lipa,0.702,0.825,0,0.0674,0.0674,6,102.977,Levitating (feat. DaBaby),https://api.spotify.com/v1/tracks/5nujrmhLynf4yMoMtj8AQF,0.915,60f790c14861b9cdf820026b
0.316,MHD,0.773,0.776,0.0000715,0.0571,0.0571,1,106.022,Pololo,https://api.spotify.com/v1/tracks/2gmTz7pHMqAk6fpOc88qxA,0.895,60f790c14861b9cdf820026c
0.125,Laylow,0.652,0.516,0,0.15,0.15,4,76.544,UN RÊVE ÉTRANGE,https://api.spotify.com/v1/tracks/0L1JUpc6bjrBvK9pqMTGcb,0.502,60f790c14861b9cdf820026d
0.276,Joé Dwèt Filé,0.756,0.563,0.00000102,0.138,0.138,1,159.985,Jolie madame (feat. Ronisia),https://api.spotify.com/v1/tracks/6gblTHN7eKFPvm4XxnYhl8,0.88,60f790c14861b9cdf820026e
0.018,Laylow,0.739,0.625,0,0.582,0.582,1,94.75,WINDOW SHOPPER PART. 1,https://api.spotify.com/v1/tracks/29GT81KcfMhfYV1BSpL3p2,0.789,60f790c14861b9cdf820026f
0.00772,Trinidad Cardona,0.708,0.782,0,0.107,0.107,2,119.997,Dinero,https://api.spotify.com/v1/tracks/3ggtU1ZOKO8ZNiqPNyXGcm,0.484,60f790c24861b9cdf8200270
0.0076,Riton,0.824,0.862,0.000132,0.303,0.303,2,122.98,Friday (feat. Mufasa & Hypeman) - Dopamine Re-Edit,https://api.spotify.com/v1/tracks/4cG7HUWYHBV6R6tHn1gxrl,0.801,60f790c24861b9cdf8200271
0.105,Tayc,0.594,0.597,0.000103,0.0748,0.0748,6,201.906,Le temps,https://api.spotify.com/v1/tracks/360oH1CqXe9XXzbbi6hvyr,0.639,60f790c24861b9cdf8200272
0.117,13 Organisé,0.901,0.939,0,0.0643,0.0643,6,142.948,Bande organisée,https://api.spotify.com/v1/tracks/717QGTmZdkemDaCo1vQHG0,0.805,60f790c24861b9cdf8200273
0.747,Laylow,0.443,0.448,0.000207,0.145,0.145,4,128.659,UNE HISTOIRE ÉTRANGE,https://api.spotify.com/v1/tracks/1LqDW54jByEjfZJMadiLJU,0.555,60f790c24861b9cdf8200274
0.248,Aya Nakamura,0.877,0.356,0.000274,0.2,0.2,9,109.932,Bobo,https://api.spotify.com/v1/tracks/6wL9pSXJ4roDSEoBpYyQy7,0.536,60f790c34861b9cdf8200275
0.259,Doja Cat,0.764,0.705,0.0000892,0.12,0.12,8,110.97,Kiss Me More (feat. SZA),https://api.spotify.com/v1/tracks/3DarAbFujv6eYNliUTyqtz,0.781,60f790c34861b9cdf8200276
0.0153,DMNDS,0.727,0.904,0.55,0.0963,0.0963,10,124.02,Calabria (feat. Lujavo & Nito-Onna),https://api.spotify.com/v1/tracks/3M89zvwwb1jtDUDKYNsdiA,0.372,60f790c34861b9cdf8200277
0.0215,Therapie TAXI,0.649,0.618,0.00000116,0.0911,0.0911,9,92.02,Eté 90,https://api.spotify.com/v1/tracks/1p9dxTMtG4gZpLp7yzvT54,0.381,60f790c34861b9cdf8200278
0.0862,Polo & Pan,0.704,0.669,0.348,0.108,0.108,0,121.005,Ani Kuni - Edit,https://api.spotify.com/v1/tracks/0Ae5IeIdyaIzp43cdXXtZc,0.305,60f790c34861b9cdf8200279
0.42,Kendji Girac,0.856,0.714,0.00000341,0.137,0.137,8,110.967,Bebeto,https://api.spotify.com/v1/tracks/5dQIouH7fnD63c0Nd7muR5,0.898,60f790c44861b9cdf820027a
0.167,Laylow,0.713,0.57,0,0.102,0.102,3,139.853,LOST FOREST,https://api.spotify.com/v1/tracks/1SWNxL41LgHnQNu9hFkHGY,0.55,60f790c44861b9cdf820027b
0.00214,Shouse,0.727,0.681,0.000307,0.0861,0.0861,5,123.028,Love Tonight - Edit,https://api.spotify.com/v1/tracks/6OufwUcCqo81guU2jAlDVP,0.448,60f790c44861b9cdf820027c
0.46,Booba,0.609,0.632,0.00006,0.104,0.104,2,163.893,Dragon,https://api.spotify.com/v1/tracks/14vp956PlLOMun7sDqJ1f7,0.211,60f790c44861b9cdf820027d
0.471,Moha K,0.786,0.654,0.00000155,0.125,0.125,11,116.952,Vroum Vroum,https://api.spotify.com/v1/tracks/1TmuaS1lnCUf7yCLk2hwDT,0.574,60f790c44861b9cdf820027e
0.226,Imanbek,0.659,0.86,0.00000332,0.0902,0.0902,1,105.063,Dancing On Dangerous (feat. Sofía Reyes),https://api.spotify.com/v1/tracks/6OYZvwKN8GaauTrJS1TuuH,0.711,60f790c54861b9cdf820027f
0.904,Kore,0.743,0.622,0.0000166,0.143,0.143,4,140.054,Mon poto - Extrait de la BO de « En Passant Pécho »,https://api.spotify.com/v1/tracks/5qFOdxS3v8Dny9T4p2CUIy,0.317,60f790c54861b9cdf8200280
0.185,Naps,0.83,0.676,0.0000128,0.105,0.105,0,135.023,La danse des bandits,https://api.spotify.com/v1/tracks/3bGGvbwbhq9kIMhHaXBdYL,0.576,60f790c54861b9cdf8200281
0.335,Olivia Rodrigo,0.563,0.664,0,0.0849,0.0849,9,166.928,good 4 u,https://api.spotify.com/v1/tracks/4ZtFanR9U6ndgddUvNcjcG,0.688,60f790c54861b9cdf8200282
0.683,Booba,0.784,0.529,0,0.118,0.118,11,134.041,Mona Lisa,https://api.spotify.com/v1/tracks/5LYRIyhmlrDAQsYdHEvP0f,0.246,60f790c54861b9cdf8200283
0.321,Justin Bieber,0.677,0.696,0,0.42,0.42,0,90.03,Peaches (feat. Daniel Caesar & Giveon),https://api.spotify.com/v1/tracks/4iJyoBOLtHqaGxP12qzhQI,0.464,60f790c54861b9cdf8200284
0.436,Laylow,0.536,0.393,0.000877,0.118,0.118,11,85.115,QUE LA PLUIE,https://api.spotify.com/v1/tracks/5WxF9OZW6Fn5AN26J3RkWW,0.21,60f790c64861b9cdf8200285
0.00209,Imagine Dragons,0.542,0.732,0.0000792,0.496,0.496,9,124.912,Follow You,https://api.spotify.com/v1/tracks/7FdUvDkaE24o3FPIWTvzv2,0.489,60f790c64861b9cdf8200286
0.37,Damso,0.721,0.588,0.00208,0.1,0.1,4,150.031,Σ. MOROSE,https://api.spotify.com/v1/tracks/0fukO3WYYUHaXOrvEohpEG,0.276,60f790c64861b9cdf8200287
0.648,Laylow,0.572,0.163,0.0000306,0.0945,0.0945,4,74.757,HELP !!!,https://api.spotify.com/v1/tracks/1jZOcCrw6nyHnNcqYKrr6C,0.484,60f790c64861b9cdf8200288
0.174,Dinos,0.608,0.464,0,0.712,0.712,0,83.781,Du mal à te dire,https://api.spotify.com/v1/tracks/6krr1QQpT7nN8fjLjdWXIC,0.274,60f790c64861b9cdf8200289
0.0382,Gaullin,0.822,0.89,0.00206,0.106,0.106,4,122.989,Seven Nation Army,https://api.spotify.com/v1/tracks/4SCbD68sf3dBfaE2X8uDSP,0.218,60f790c74861b9cdf820028a
0.0215,The Weeknd,0.65,0.825,0.0000244,0.0936,0.0936,0,118.091,Save Your Tears (with Ariana Grande) (Remix),https://api.spotify.com/v1/tracks/37BZB0z9T8Xu7U3e65qxFy,0.593,60f790c74861b9cdf820028b
0.418,Travis Scott,0.841,0.593,0,0.124,0.124,1,124.917,Goosebumps - Remix,https://api.spotify.com/v1/tracks/5uEYRdEIh9Bo4fpjDd4Na9,0.808,60f790c74861b9cdf820028c
0.331,Laylow,0.564,0.453,0,0.328,0.328,4,140.017,FALLEN ANGELS (feat. slowthai),https://api.spotify.com/v1/tracks/1RO9EcqWGzZIY5Z5LYjP2R,0.551,60f790c74861b9cdf820028d
0.0717,SCH,0.875,0.848,0.000613,0.0828,0.0828,11,122.983,Mode Akimbo (feat. Jul),https://api.spotify.com/v1/tracks/7qezIDRM0E3WTW1lWxItug,0.577,60f790c74861b9cdf820028e
0.362,Laylow,0.518,0.546,0,0.469,0.469,10,106.616,Ça Va Pas Être Possible...,https://api.spotify.com/v1/tracks/4zj8DE8qnT2uBpnFABjwkk,0.222,60f790c84861b9cdf820028f
0.0377,Maroon 5,0.713,0.676,0,0.154,0.154,10,99.048,Beautiful Mistakes (feat. Megan Thee Stallion),https://api.spotify.com/v1/tracks/5zFglKYiknIxks8geR8rcL,0.721,60f790c84861b9cdf8200290
0.00165,Måneskin,0.75,0.608,0,0.178,0.178,1,132.507,I WANNA BE YOUR SLAVE,https://api.spotify.com/v1/tracks/4pt5fDVTg5GhEvEtlz9dKk,0.958,60f790c84861b9cdf8200291
0.297,Laylow,0.62,0.346,0.0000041,0.139,0.139,5,85.062,Tu Veux Déjà Me Dire Aurevoir ?,https://api.spotify.com/v1/tracks/6d7BzQtjmiHAIrZ43b4Hwa,0.289,60f790c84861b9cdf8200292
0.00364,Majestic,0.758,0.913,0.0000692,0.193,0.193,6,128.04,Rasputin,https://api.spotify.com/v1/tracks/0b18g3G5spr4ZCkz7Y6Q0Q,0.658,60f790c84861b9cdf8200293
0.0538,ISK,0.97,0.877,0,0.0909,0.0909,0,124.011,Le billet,https://api.spotify.com/v1/tracks/731JjfIII1qYfeatc3zhtU,0.363,60f790c94861b9cdf8200294
0.232,Djadja & Dinaz,0.889,0.635,0.00000603,0.259,0.259,1,125.017,Manège,https://api.spotify.com/v1/tracks/0JyX9jNf4mUdp1eNUVAqyR,0.679,60f790c94861b9cdf8200295
0.482,No Limit,0.755,0.497,0,0.0796,0.0796,9,141.126,Millions,https://api.spotify.com/v1/tracks/70jyIxNr3R5k3bofVYX9GS,0.481,60f790c94861b9cdf8200296
0.0821,Ofenbach,0.734,0.855,0.00000473,0.0901,0.0901,6,121.955,Wasted Love (feat. Lagique),https://api.spotify.com/v1/tracks/2pPO9YecZimmuVQfIzfV6U,0.54,60f790c94861b9cdf8200297
0.0383,The Kid LAROI,0.591,0.764,0,0.103,0.103,1,169.928,Stay (with Justin Bieber),https://api.spotify.com/v1/tracks/5HCyWlXZPP0y6Gqq8TgA20,0.478,60f790c94861b9cdf8200298
0.815,Laylow,0.484,0.575,0,0.147,0.147,1,101.786,Bonsoir Mon Vieil Ami,https://api.spotify.com/v1/tracks/1SD6wA55Ok0E7I8EIofMXc,0.0956,60f790ca4861b9cdf8200299
0.0968,Jul,0.89,0.886,0.0054,0.0783,0.0783,10,123.047,"C'est la cité",https://api.spotify.com/v1/tracks/0PBLRJSxoXpxWRsKjXQw24,0.877,60f790ca4861b9cdf820029a
0.206,Jul,0.691,0.833,0,0.0934,0.0934,2,193.916,Assassinat,https://api.spotify.com/v1/tracks/3fdOkTuwYW2nyBi8vIibKc,0.448,60f790ca4861b9cdf820029b
0.105,1PLIKÉ140,0.87,0.415,0.0000136,0.349,0.349,10,132.043,ONGBAK 2,https://api.spotify.com/v1/tracks/1VOn2rRxe7JBweoK4SINHe,0.439,60f790ca4861b9cdf820029c
0.00172,Sia,0.575,0.844,0,0.114,0.114,6,104.914,Floating Through Space,https://api.spotify.com/v1/tracks/0XwSUpdrF7nR7hVxbDs7mb,0.277,60f790ca4861b9cdf820029d
0.0597,Dua Lipa,0.868,0.693,0.00399,0.106,0.106,6,114.999,Fever,https://api.spotify.com/v1/tracks/3F1P0QzdXtBz0MXy7KIO5w,0.396,60f790cb4861b9cdf820029e
0.548,Ninho,0.776,0.662,0.0000051,0.117,0.117,3,121.987,Tout en Gucci,https://api.spotify.com/v1/tracks/0i5GJckWb9uCZU4jcGoBca,0.5,60f790cb4861b9cdf820029f
0.00173,Dua Lipa,0.659,0.667,0.0000285,0.1,0.1,11,115.982,Love Again,https://api.spotify.com/v1/tracks/4rPkN1FMzQyFNP9cLUGIIB,0.468,60f790cb4861b9cdf82002a0
0.0289,Tesher,0.691,0.829,0,0.254,0.254,0,93.059,Jalebi Baby (Tesher x Jason Derulo),https://api.spotify.com/v1/tracks/6FvSS3Goz7OC8oCC2eWqe8,0.866,60f790cb4861b9cdf82002a1
0.54,JSX,0.752,0.602,0,0.0825,0.0825,1,134.93,GTA,https://api.spotify.com/v1/tracks/3nuRoZFV93hyFngba5hixq,0.453,60f790cb4861b9cdf82002a2
0.69,Laylow,0.525,0.454,0,0.423,0.423,1,126.148,NightShop BlaBla,https://api.spotify.com/v1/tracks/2TP7UD6L86nD8d8RbPB4mA,0.41,60f790cc4861b9cdf82002a3
0.1,4.4.2,0.853,0.773,0.00000494,0.0818,0.0818,10,125.033,Mal à la tête,https://api.spotify.com/v1/tracks/1TO85DMVoOejzq5YMMWAkl,0.638,60f790cc4861b9cdf82002a4
0.326,OneRepublic,0.682,0.72,0,0.148,0.148,11,117.003,Run,https://api.spotify.com/v1/tracks/2UbVnbE5FH6008mAm6Mmgw,0.673,60f790cc4861b9cdf82002a5
0.302,Rauw Alejandro,0.78,0.719,0.000196,0.0931,0.0931,3,127.962,Todo De Ti,https://api.spotify.com/v1/tracks/5RwV8BvLfX5injfqYodke9,0.336,60f790cc4861b9cdf82002a6
0.0939,Tungevaag,0.623,0.889,0,0.358,0.358,7,149.931,Ride With Me (feat. Kid Ink),https://api.spotify.com/v1/tracks/03SEp9sXkAOAgxJtSLuVEi,0.466,60f790cc4861b9cdf82002a7
0.0995,Rimkus,0.9,0.825,0.00165,0.0685,0.0685,0,114.955,Santorini,https://api.spotify.com/v1/tracks/3bgk9ObgTnp569Pe7XDST8,0.731,60f790cd4861b9cdf82002a8
0.659,Laylow,0.449,0.408,0.00000115,0.106,0.106,0,85.281,+ De Pluie...,https://api.spotify.com/v1/tracks/10UntnAZFd2JRwACGH0DNM,0.0782,60f790cd4861b9cdf82002a9
0.345,Clara Luciani,0.618,0.741,0,0.719,0.719,0,112.955,Le reste,https://api.spotify.com/v1/tracks/73oVDoxJHbqOIkZ0C9ir31,0.738,60f790cd4861b9cdf82002aa
0.145,Franglish,0.709,0.645,0,0.0869,0.0869,1,91.793,Sans moi,https://api.spotify.com/v1/tracks/5cZ6NaDFs0a7ZYfGpaJWEt,0.423,60f790cd4861b9cdf82002ab
0.123,OBOY,0.884,0.566,0.00000325,0.106,0.106,5,106.983,Cabeza,https://api.spotify.com/v1/tracks/66tNDqYNR2S6Svwgm3BMi9,0.565,60f790cd4861b9cdf82002ac
0.067,Tayc,0.614,0.745,0,0.286,0.286,11,97.477,Dis moi comment.,https://api.spotify.com/v1/tracks/3i4Va0SEnxGsEIULfouevb,0.457,60f790cd4861b9cdf82002ad
0.00146,The Weeknd,0.514,0.73,0.0000954,0.0897,0.0897,1,171.005,Blinding Lights,https://api.spotify.com/v1/tracks/0VjIjW4GlUZAMYd2vXMi3b,0.334,60f790ce4861b9cdf82002ae
0.0206,DJ Snake,0.723,0.646,0.352,0.0994,0.0994,5,110.971,Selfish Love (with Selena Gomez),https://api.spotify.com/v1/tracks/3XoflnowYPFRPOh3uFvHcm,0.443,60f790ce4861b9cdf82002af
0.39,Laylow,0.601,0.395,0.000101,0.11,0.11,8,88.471,"C'est Eux Contre Nous",https://api.spotify.com/v1/tracks/1nf8RBV6HA2CcGeyfCwMZF,0.268,60f790ce4861b9cdf82002b0
0.687,Ninho,0.8,0.756,0.00000206,0.111,0.111,7,113.204,"La vie qu'on mène",https://api.spotify.com/v1/tracks/0Jh6iWjna1wk5le0Ahn7No,0.456,60f790ce4861b9cdf82002b1
0.172,Fuego,0.792,0.676,0.0000193,0.0654,0.0654,1,117.011,Una Vaina Loca,https://api.spotify.com/v1/tracks/337cEDExdFKmLrQMKjffxr,0.712,60f790ce4861b9cdf82002b2
0.0212,The Weeknd,0.68,0.826,0.0000124,0.543,0.543,0,118.051,Save Your Tears,https://api.spotify.com/v1/tracks/5QO79kh1waicV47BqGRL3g,0.644,60f790cf4861b9cdf82002b3
0.122,Harry Styles,0.548,0.816,0,0.335,0.335,0,95.39,Watermelon Sugar,https://api.spotify.com/v1/tracks/6UelLqGlWMcVH1E5c4H7lY,0.557,60f790cf4861b9cdf82002b4
0.845,Laylow,0.477,0.683,0.0000782,0.817,0.817,1,85.473,Tu Comprends Maintenant ?,https://api.spotify.com/v1/tracks/2uLMvjzZsAqyqDD4U7z2p4,0.253,60f790cf4861b9cdf82002b5
0.0514,Calvin Harris,0.733,0.96,0.00199,0.287,0.287,7,124.01,By Your Side (feat. Tom Grennan),https://api.spotify.com/v1/tracks/0vR2rIVORmgeKiGIgNT0fV,0.811,60f790cf4861b9cdf82002b6
0.395,Sofiane,0.763,0.667,0,0.344,0.344,9,109.176,Attrape-moi si tu peux,https://api.spotify.com/v1/tracks/6LuAtG9sa0aU8GTMd9CQnO,0.331,60f790cf4861b9cdf82002b7
0.187,"L'Algérino",0.697,0.688,0,0.0869,0.0869,6,113.33,Sapapaya,https://api.spotify.com/v1/tracks/7A2HuM1W75PnQwUS6kahLA,0.645,60f790d04861b9cdf82002b8
0.507,Freeze corleone,0.592,0.506,0,0.157,0.157,0,143.846,Téléphone - Extrait de CRCLR MVT SAISON II,https://api.spotify.com/v1/tracks/0FLegMOg3yN9e2zF5p9Vxb,0.237,60f790d04861b9cdf82002b9
0.688,Naps,0.875,0.613,0,0.114,0.114,3,119.964,6.3,https://api.spotify.com/v1/tracks/3lTL4LdFKVF51lseI2nk5D,0.752,60f790d04861b9cdf82002ba
0.69,Tones And I,0.824,0.587,0.000105,0.149,0.149,6,98.029,Dance Monkey,https://api.spotify.com/v1/tracks/2N8m6CYs74qQO4mjVcXO30,0.514,60f790d04861b9cdf82002bb
0.0528,P!nk,0.473,0.592,0,0.131,0.131,5,159.7,Cover Me In Sunshine,https://api.spotify.com/v1/tracks/0UKUfxIkDAMZz7hMdiVX3m,0.292,60f790d04861b9cdf82002bc
0.228,Lost Frequencies,0.689,0.612,0.00000777,0.368,0.368,6,122.076,Rise,https://api.spotify.com/v1/tracks/7HXBG0W8gFJwHUh5mVF9tf,0.461,60f790d14861b9cdf82002bd
0.282,Serge Ibaka,0.556,0.639,0,0.0878,0.0878,9,99.627,Champion,https://api.spotify.com/v1/tracks/7moGDROshDKDpuQxtQ3q4m,0.591,60f790d14861b9cdf82002be
0.336,Naps,0.926,0.662,0.00000306,0.0754,0.0754,9,140.021,En détente,https://api.spotify.com/v1/tracks/5HerMpAegwiAAFOIXNCxED,0.725,60f790d14861b9cdf82002bf
0.217,PLK,0.844,0.562,0.000636,0.114,0.114,2,94.976,Pilote (feat. Hamza),https://api.spotify.com/v1/tracks/12GV2Wr4p1hBWQCrQcVsew,0.574,60f790d14861b9cdf82002c0
0.174,24kGoldn,0.701,0.716,0,0.324,0.324,7,91.007,Mood (feat. iann dior),https://api.spotify.com/v1/tracks/4jPy3l0RUwlUI9T5XHBW2m,0.732,60f790d14861b9cdf82002c1
0.403,Louane,0.551,0.494,0,0.0914,0.0914,2,148.61,Aimer à mort,https://api.spotify.com/v1/tracks/2HENwndPLHINxHhQPMh8BE,0.333,60f790d24861b9cdf82002c2
0.119,Larry,0.94,0.769,0,0.0992,0.0992,11,130.059,Noblabla,https://api.spotify.com/v1/tracks/1ofkPNwvdW7InzOTm6jxb7,0.732,60f790d24861b9cdf82002c3
0.375,Freeze corleone,0.645,0.545,0.0000232,0.106,0.106,11,137.09,Freeze Raël,https://api.spotify.com/v1/tracks/6DPrYPPGYK218iVIZDix3i,0.0379,60f790d24861b9cdf82002c4
0.626,Zkr,0.789,0.557,0,0.0778,0.0778,11,100.035,Freestyle 5min #11,https://api.spotify.com/v1/tracks/4mNDKJGdcdt20KnZOIglRE,0.336,60f790d24861b9cdf82002c5
0.545,Hatik,0.681,0.551,0.00000112,0.108,0.108,1,105.995,"ma p'tite étoile",https://api.spotify.com/v1/tracks/7iSEs4lppLZQEPOG4e6BbF,0.291,60f790d24861b9cdf82002c6
0.287,Koba LaD,0.464,0.578,0,0.0857,0.0857,5,92.725,Cramé,https://api.spotify.com/v1/tracks/0XUkVNGuNPWTydXoauCs1J,0.688,60f790d24861b9cdf82002c7
0.093,Koba LaD,0.758,0.56,0,0.104,0.104,6,149.893,Coffre plein,https://api.spotify.com/v1/tracks/70pkwEEG7nDTXBFqoGQkH0,0.606,60f790d34861b9cdf82002c8
0.175,Masked Wolf,0.778,0.695,0,0.15,0.15,4,149.996,Astronaut In The Ocean,https://api.spotify.com/v1/tracks/0BGwAKW4u8kWOhWFflZxfl,0.472,60f790d34861b9cdf82002c9
0.149,Benab,0.828,0.68,0.00000497,0.118,0.118,0,140.023,Tiki Taka,https://api.spotify.com/v1/tracks/5csxKPX4HuN8UDEdHUxcqz,0.587,60f790d34861b9cdf82002ca
0.0194,Black Eyed Peas,0.964,0.486,0.04,0.0694,0.0694,2,124.058,GIRL LIKE ME,https://api.spotify.com/v1/tracks/2vBET2pmrQqafaS6zIaYta,0.318,60f790d34861b9cdf82002cb
0.339,Tiakola,0.871,0.528,0,0.0792,0.0792,9,137.945,Pousse toi,https://api.spotify.com/v1/tracks/48ghUr9q4ZCKTGEGzdZJlj,0.498,60f790d34861b9cdf82002cc
0.649,Gazo,0.759,0.523,0.0000133,0.269,0.269,6,144.109,KASSAV (feat. Tiakola),https://api.spotify.com/v1/tracks/25PVU9aowaP69bSYRBe3sj,0.766,60f790d44861b9cdf82002cd
0.225,Hornet La Frappe,0.855,0.637,0,0.0858,0.0858,4,101.531,Kedaba,https://api.spotify.com/v1/tracks/2572PCfmUvn6VTobYjx97y,0.611,60f790d44861b9cdf82002ce
0.397,Larry,0.756,0.639,0,0.076,0.076,1,89.997,Sirène,https://api.spotify.com/v1/tracks/0YBQKyzpWGDivSdi0OaXiH,0.636,60f790d44861b9cdf82002cf
0.598,GLK,0.781,0.631,0.000422,0.0898,0.0898,4,126.033,Zehma,https://api.spotify.com/v1/tracks/3PeW31cRh8BlN7fwj6cGe9,0.572,60f790d44861b9cdf82002d0
0.251,Pop Smoke,0.662,0.686,0.00000559,0.349,0.349,7,143.971,Tell The Vision (feat. Kanye West & Pusha T),https://api.spotify.com/v1/tracks/2UwALqx6yOsXTFt7zRxnts,0.678,60f790d44861b9cdf82002d1
0.767,Amel Bent,0.722,0.497,0,0.122,0.122,10,147.794,"1,2,3",https://api.spotify.com/v1/tracks/7uCLrBdy5FH6T7vcJzqRd7,0.684,60f790d54861b9cdf82002d2
0.196,Imen Es,0.712,0.727,0,0.127,0.127,11,144.051,Essaie encore,https://api.spotify.com/v1/tracks/7xFEyavPtivXc8yFqEZJpJ,0.477,60f790d54861b9cdf82002d3
0.433,Jul,0.917,0.774,0,0.109,0.109,8,127.029,Le bouton,https://api.spotify.com/v1/tracks/5woXULngEdyMvrNIPE2fbx,0.752,60f790d54861b9cdf82002d4
0.359,Pop Smoke,0.563,0.672,0,0.0972,0.0972,9,99.772,Woo Baby (feat. Chris Brown),https://api.spotify.com/v1/tracks/58T4yPLn4NjBYXfRxeweyM,0.284,60f790d54861b9cdf82002d5
0.835,Ninho,0.487,0.398,0,0.12,0.12,1,149.367,Lettre à une femme,https://api.spotify.com/v1/tracks/5HEtuK03ygUzqca6yfgOYZ,0.905,60f790d54861b9cdf82002d6
0.182,Bruno Mars,0.586,0.616,0,0.0927,0.0927,5,148.088,Leave The Door Open,https://api.spotify.com/v1/tracks/7MAibcTli4IisCtbHKrGMh,0.719,60f790d54861b9cdf82002d7
0.476,Pop Smoke,0.581,0.476,0.00000566,0.495,0.495,0,141.823,Merci Beaucoup,https://api.spotify.com/v1/tracks/6mPZVis3gEGSSR2rhxlehT,0.103,60f790d64861b9cdf82002d8
0.223,Jul,0.788,0.825,0,0.124,0.124,1,82.526,"Je n'ai pas que des potes",https://api.spotify.com/v1/tracks/70MrRXJfGbZz4D5YFLpWpm,0.705,60f790d64861b9cdf82002d9
0.305,Djadja & Dinaz,0.509,0.412,0.0000041,0.0878,0.0878,3,110.075,Seuls,https://api.spotify.com/v1/tracks/3J5CNgFBHzS75oYVv9zbDc,0.386,60f790d64861b9cdf82002da
0.564,SDM,0.773,0.709,0,0.116,0.116,4,82.019,Daddy,https://api.spotify.com/v1/tracks/2iPFEYnitXLl4lSxvqZI3m,0.521,60f790d64861b9cdf82002db
0.194,ATB,0.669,0.784,0.00000628,0.115,0.115,7,125.993,Your Love (9PM),https://api.spotify.com/v1/tracks/5YaskwnGDZFDRipaqzbwQx,0.517,60f790d64861b9cdf82002dc
0.439,Jul,0.862,0.797,0,0.0736,0.0736,0,116.969,Tereza,https://api.spotify.com/v1/tracks/5jonseK9nWkH0Vl3mLZTvl,0.906,60f790d74861b9cdf82002dd
0.0992,Sadek,0.514,0.588,0,0.172,0.172,10,117.419,Kimono (feat. SCH et Ninho),https://api.spotify.com/v1/tracks/54rHJPDt8DUE2RtSg6Bsrf,0.401,60f790d74861b9cdf82002de
0.896,Wejdene,0.623,0.346,0,0.116,0.116,2,84.621,Je t’aime de ouf,https://api.spotify.com/v1/tracks/5BUl0EBl4tOmPtT9IN0UUP,0.185,60f790d74861b9cdf82002df
0.0493,Feder,0.868,0.634,0.000383,0.085,0.085,4,120.949,Call Me Papi (feat. Dawty Music),https://api.spotify.com/v1/tracks/0FXEr1tdiBcLsnLSG8ol2l,0.352,60f790d74861b9cdf82002e0
0.167,Grand Corps Malade,0.68,0.616,0,0.127,0.127,6,109.842,Derrière le brouillard,https://api.spotify.com/v1/tracks/41mbANHqOIULPmYi5Hp4ey,0.229,60f790d74861b9cdf82002e1
0.175,Were-vana,0.785,0.728,0.00000705,0.0902,0.0902,7,97.037,Bombardé,https://api.spotify.com/v1/tracks/3y2SEDE8XKVOgA4XofZ95A,0.675,60f790d84861b9cdf82002e2
0.204,Polo & Pan,0.662,0.621,0.591,0.0658,0.0658,0,120.998,Ani Kuni,https://api.spotify.com/v1/tracks/6GRV3bukjCnKe7Th5o3Gnd,0.0477,60f790d84861b9cdf82002e3
0.69,Niro,0.654,0.636,0,0.107,0.107,2,100.46,Millenials (Génération Y),https://api.spotify.com/v1/tracks/2eARXBtOJbqXzab2s7ODPj,0.628,60f790d84861b9cdf82002e4
0.195,SCH,0.833,0.574,0,0.142,0.142,0,130.003,Mannschaft (feat. Freeze Corleone),https://api.spotify.com/v1/tracks/03cOUvF1fyW60AuUfUNiDc,0.514,60f790d84861b9cdf82002e5
0.382,Landy,0.858,0.827,0,0.102,0.102,6,111.033,Aminata,https://api.spotify.com/v1/tracks/2BFnKS6SiB2VWvjWsjf3eg,0.63,60f790d84861b9cdf82002e6
0.474,Landy,0.714,0.829,0,0.0958,0.0958,4,106.025,Médusa,https://api.spotify.com/v1/tracks/2hL0WVDLvlxZ60J4YyWvFW,0.432,60f790d94861b9cdf82002e7
0.827,Duncan Laurence,0.453,0.35,0.00122,0.144,0.144,9,72.017,Arcade,https://api.spotify.com/v1/tracks/1J14CdDAvBTE1AJYUOwl6C,0.279,60f790d94861b9cdf82002e8
0.212,Pop Smoke,0.548,0.805,0.000389,0.408,0.408,7,142.094,Dior,https://api.spotify.com/v1/tracks/79s5XnCN4TJKTVMSmOx8Ep,0.648,60f790d94861b9cdf82002e9
0.234,Niro,0.806,0.58,0,0.355,0.355,2,122,Si tu me vois,https://api.spotify.com/v1/tracks/4ABrDs5A2ZY8QANqT53Ghe,0.424,60f790d94861b9cdf82002ea
0.406,SCH,0.42,0.553,0.00197,0.541,0.541,0,80.118,Marché noir,https://api.spotify.com/v1/tracks/3BDHFeYIrqGpL8HNkuI6zv,0.198,60f790d94861b9cdf82002eb
0.416,Djadja & Dinaz,0.782,0.549,0.0000325,0.087,0.087,4,139.021,À cœur ouvert,https://api.spotify.com/v1/tracks/528qCy2L0itrRPtUW0xFjV,0.717,60f790d94861b9cdf82002ec
0.456,Jul,0.753,0.714,0,0.0666,0.0666,8,94.809,Je kill au mic,https://api.spotify.com/v1/tracks/6Dzb3YvstA9jcoRz8Uh94E,0.607,60f790da4861b9cdf82002ed
0.401,Bad Bunny,0.731,0.573,0.0000522,0.113,0.113,4,109.928,DÁKITI,https://api.spotify.com/v1/tracks/4MzXwWMhyBbmu6hOcLVD49,0.145,60f790da4861b9cdf82002ee
0.308,Gambino,0.853,0.904,0,0.0852,0.0852,3,135,Alicante,https://api.spotify.com/v1/tracks/6LuAw59JilwQieOcFW6vfe,0.857,60f790da4861b9cdf82002ef
0.281,"Rim'K",0.912,0.506,0.000253,0.163,0.163,8,135.016,Cosmos - feat. PLK,https://api.spotify.com/v1/tracks/5hM1Bta5Ej1rRyOXStRIzH,0.628,60f790da4861b9cdf82002f0
0.586,Naza,0.689,0.623,0,0.103,0.103,1,154.95,Joli bébé,https://api.spotify.com/v1/tracks/1J4oMIhWDUd9cI1urhEyjl,0.26,60f790da4861b9cdf82002f1
0.336,Pop Smoke,0.675,0.608,0,0.11,0.11,3,99.865,Demeanor (feat. Dua Lipa),https://api.spotify.com/v1/tracks/3DMs7bahbQTnoxCjgP7qoK,0.728,60f790db4861b9cdf82002f2
0.465,Were-vana,0.711,0.848,0,0.123,0.123,6,97.176,Casanova,https://api.spotify.com/v1/tracks/5xriTc82DdSAGToWcixBKf,0.531,60f790db4861b9cdf82002f3
0.22,Soso Maness,0.541,0.746,0.00000355,0.161,0.161,7,104.82,Les derniers marioles (feat. SCH),https://api.spotify.com/v1/tracks/3nfSwkMLwFT49PIRDBG6CZ,0.516,60f790db4861b9cdf82002f4
0.414,Tiësto,0.798,0.62,0.0192,0.112,0.112,8,120.031,The Business,https://api.spotify.com/v1/tracks/6f3Slt0GbA2bPZlz0aIFXN,0.235,60f790db4861b9cdf82002f5
0.0647,Jul,0.801,0.861,0.000147,0.114,0.114,5,137.978,Rosé jetski playa,https://api.spotify.com/v1/tracks/3wX4jboeV9vGgfFjYVdcw8,0.921,60f790db4861b9cdf82002f6
0.236,Koba LaD,0.744,0.658,0,0.0758,0.0758,1,126.257,Tue ça,https://api.spotify.com/v1/tracks/7JbCD3He9IjIewMZpjGpK2,0.798,60f790dc4861b9cdf82002f7
0.526,Pop Smoke,0.716,0.67,0,0.13,0.13,0,145.043,Bout A Million (feat. 42 Dugg & 21 Savage),https://api.spotify.com/v1/tracks/4LaGu95Ui2s4vprSQYWUAZ,0.411,60f790dc4861b9cdf82002f8
0.11,Damso,0.788,0.486,0.00000479,0.105,0.105,8,130.077,Υ. 2 DIAMANTS,https://api.spotify.com/v1/tracks/1swQocGVyXMAamWDjNzoLx,0.344,60f790dc4861b9cdf82002f9
0.364,Vianney,0.746,0.506,0,0.123,0.123,10,122.044,beau-papa,https://api.spotify.com/v1/tracks/5wXkbtZO1HsOQ1P75zi35p,0.486,60f790dc4861b9cdf82002fa
0.205,Unité,0.782,0.677,0,0.149,0.149,5,140.009,Kalitada (feat. SLK),https://api.spotify.com/v1/tracks/2B8rIiQqnNeH8NXv9A2rbm,0.892,60f790dc4861b9cdf82002fb
0.216,Galantis,0.595,0.784,0,0.0608,0.0608,1,124.111,Heartbreak Anthem (with David Guetta & Little Mix),https://api.spotify.com/v1/tracks/5K6Ssv4Z3zRvxt0P6EKUAP,0.479,60f790dd4861b9cdf82002fc
0.181,Ava Max,0.727,0.832,0,0.0615,0.0615,9,127.035,EveryTime I Cry,https://api.spotify.com/v1/tracks/0mV43B6pJWRjcM5TmzNe6d,0.213,60f790dd4861b9cdf82002fd
0.0904,Post Malone,0.797,0.631,0.00000371,0.0998,0.0998,3,129.915,Motley Crew,https://api.spotify.com/v1/tracks/40uMIn2zJLAQhNXghRjBed,0.288,60f790dd4861b9cdf82002fe
0.0789,Noodels,0.857,0.596,0,0.095,0.095,1,160.052,Bete de meuf,https://api.spotify.com/v1/tracks/3DhsG2PVqQPyHnzQjaHs87,0.674,60f790dd4861b9cdf82002ff
0.673,Jul,0.844,0.651,0.0000708,0.174,0.174,0,138.038,Avant la douane,https://api.spotify.com/v1/tracks/3AwXhQWatI5b1sLIhsnOdP,0.795,60f790dd4861b9cdf8200300
0.295,Lomepal,0.748,0.66,0.00000556,0.0883,0.0883,4,123.902,Trop beau,https://api.spotify.com/v1/tracks/4WB9OeauHXnGOMUK4s80gM,0.324,60f790dd4861b9cdf8200301
0.702,Hatik,0.65,0.469,0.249,0.106,0.106,2,191.853,Angela,https://api.spotify.com/v1/tracks/6ab3CQvDlAVttThZucwGQ1,0.378,60f790de4861b9cdf8200302
0.359,Jul,0.905,0.874,0.00000125,0.0688,0.0688,5,130.004,Limitless,https://api.spotify.com/v1/tracks/4oEEgbiCqUZkqGv7MS3iIX,0.74,60f790de4861b9cdf8200303
0.88,Dadju,0.63,0.393,0,0.0894,0.0894,1,145.051,Grand bain,https://api.spotify.com/v1/tracks/0W4MOQ2kTOm1y7ooahgQP1,0.166,60f790de4861b9cdf8200304
0.475,Booba,0.593,0.656,0,0.155,0.155,6,102.723,Kayna,https://api.spotify.com/v1/tracks/1DSUiI4i5HBWTvDF721oj4,0.37,60f790de4861b9cdf8200305
0.248,Martin Garrix,0.66,0.733,0.00000896,0.17,0.17,0,119.933,We Are The People (feat. Bono & The Edge) - Official UEFA EURO 2020 Song,https://api.spotify.com/v1/tracks/2iL0W5qi0ivZ9WRXbZ74cS,0.304,60f790de4861b9cdf8200306
0.845,Leto,0.4,0.586,0,0.1,0.1,8,170.544,Vie de star (feat. Ninho),https://api.spotify.com/v1/tracks/7toL2moA2sVueHJKDhVD0n,0.282,60f790df4861b9cdf8200307
0.155,"Jok'air",0.69,0.567,0.0397,0.127,0.127,6,152.056,Elles ont trop joué avec mon cœur,https://api.spotify.com/v1/tracks/5SqR7dxbJiTSadTaVEhZ04,0.426,60f790df4861b9cdf8200308
0.182,Damso,0.777,0.554,0.0000017,0.0477,0.0477,2,129.933,Θ. Macarena,https://api.spotify.com/v1/tracks/2ewjMyCbNv2X1dB2qIDCwD,0.27,60f790df4861b9cdf8200309
0.371,Ninho,0.743,0.757,0,0.0988,0.0988,3,192.018,Zipette,https://api.spotify.com/v1/tracks/1Lulg5ZiMEXy3QNwb1PB8I,0.72,60f790df4861b9cdf820030a
0.711,Hatik,0.761,0.227,0.000203,0.0936,0.0936,6,117.024,éternel,https://api.spotify.com/v1/tracks/6qA7BY2EsWb5QfUeFzyV7I,0.0939,60f790df4861b9cdf820030b
0.46,Pop Smoke,0.628,0.581,0,0.152,0.152,2,145.396,More Time,https://api.spotify.com/v1/tracks/2wzionesqIt3x5Sglb4n91,0.259,60f790e04861b9cdf820030c
0.015,Shouse,0.621,0.989,0.357,0.184,0.184,10,126.002,Love Tonight - David Guetta Remix Edit,https://api.spotify.com/v1/tracks/2prnn41CblB8B4yWACDljP,0.0348,60f790e04861b9cdf820030d
0.0894,Damso,0.685,0.706,0.0287,0.0986,0.0986,11,155.989,911,https://api.spotify.com/v1/tracks/2DOc7EJutpU8OrBHV6RABG,0.64,60f790e04861b9cdf820030e
0.25,Internet Money,0.8,0.658,0,0.111,0.111,1,140.042,"Lemonade (feat. Gunna, Don Toliver & NAV)",https://api.spotify.com/v1/tracks/7hxHWCCAIIxFLCzvDgnQHX,0.462,60f790e04861b9cdf820030f
0.0576,Soso Maness,0.82,0.929,0,0.0512,0.0512,1,132.046,Puta Madre (feat. Jul),https://api.spotify.com/v1/tracks/76YbjMIB74nqaSSlmx5zLx,0.651,60f790e04861b9cdf8200310
0.0143,SAINt JHN,0.769,0.719,0.00777,0.359,0.359,8,121.955,Roses - Imanbek Remix,https://api.spotify.com/v1/tracks/0zLCBJZSiELJf02ucPP9wb,0.863,60f790e14861b9cdf8200311
0.0239,Alan Walker,0.766,0.817,0.00000249,0.159,0.159,7,125.033,Sweet Dreams,https://api.spotify.com/v1/tracks/4uDhts78RdwIDjEqPrYVKp,0.43,60f790e14861b9cdf8200312
0.0164,Doja Cat,0.828,0.621,0.00233,0.0845,0.0845,8,128.986,You Right,https://api.spotify.com/v1/tracks/0k4d5YPDr1r7FX77VdqWez,0.436,60f790e14861b9cdf8200313
0.457,OBOY,0.661,0.666,0,0.13,0.13,10,92.475,Avec Toi,https://api.spotify.com/v1/tracks/656vbT8JKkVx7g1yG12L89,0.381,60f790e14861b9cdf8200314
0.511,Dj Quick,0.696,0.57,0,0.121,0.121,2,113.246,"Elle m'a dit",https://api.spotify.com/v1/tracks/09f02rYzeovvXJ0ubL4X44,0.321,60f790e14861b9cdf8200315
0.0224,Ozuna,0.759,0.636,0.000143,0.166,0.166,6,109.976,Del Mar,https://api.spotify.com/v1/tracks/5cpJFiNwYyWwFLH0V6B3N8,0.536,60f790e14861b9cdf8200316
0.295,Kamikaz,0.942,0.799,0.0000116,0.0787,0.0787,0,125.943,Je veux,https://api.spotify.com/v1/tracks/2FHsE83xbrzzWusudCFpg1,0.749,60f790e24861b9cdf8200317
0.65,Pop Smoke,0.709,0.548,0.00000159,0.133,0.133,10,83.995,What You Know Bout Love,https://api.spotify.com/v1/tracks/1tkg4EHVoqnhR6iFEXb60y,0.543,60f790e24861b9cdf8200318
0.184,GIMS,0.683,0.683,0.000512,0.13,0.13,1,94.923,ONLY YOU (feat. Dhurata Dora),https://api.spotify.com/v1/tracks/3QNjxtei6jekNeNJzRbwI6,0.405,60f790e24861b9cdf8200319
0.633,Dinos,0.748,0.442,0.0000141,0.107,0.107,9,110.009,No Love,https://api.spotify.com/v1/tracks/0sydMl87Twrbrc5CS5Xssi,0.431,60f790e24861b9cdf820031a
0.00544,BTS,0.702,0.741,0,0.337,0.337,9,124.925,Permission to Dance,https://api.spotify.com/v1/tracks/0LThjFY2iTtNdd4wviwVV2,0.646,60f790e24861b9cdf820031b